PC1,PC2,PC3,PC4
-0.0467361,-0.0623297,0.260833,0.54418
-0.147292,-0.0771601,0.313867,0.671809
-0.05774,-0.0401289,0.243652,0.824684
-0.121312,-0.0565627,0.323948,0.691445
0.231835,-0.00391712,0.117801,0.378682
0.108554,0.0309674,0.162889,0.513324
0.0373209,-0.0280358,0.181817,0.43899
0.12507,0.0856307,0.158829,0.478261
0.135492,-0.0722877,0.0310196,0.26087
0.118848,-0.0299999,0.0300164,0.26087
0.160453,-0.0777943,0.0340164,0.259467
0.117584,-0.0371765,0.0325925,0.297335
0.212894,-0.0715899,0.0461451,0.293128
-0.051722,0.00720192,0.252343,0.546985
-0.0265253,-0.0354705,0.215025,0.619916
-0.0472295,-0.0409024,0.24621,0.518934
-0.0710196,0.0212395,0.236529,0.600281
-0.0814593,-0.0478006,0.258839,0.486676
-0.374709,0.28528,0.207723,0.31136
-0.416604,-0.100553,0.685141,0.441795
-0.327198,0.233935,0.266749,0.298738
-0.352072,0.0081192,0.437144,0.301543
-0.154782,-0.0876034,0.327631,0.518934
-0.230882,0.120125,0.347239,0.4446
-0.230663,-0.0793593,0.456946,0.409537
-0.176006,-0.0778331,0.362123,0.527349
-0.139204,0.00404117,0.17669,0.426367
-0.0363539,-0.0471001,0.208812,0.642356
-0.0884849,0.0732717,0.235347,0.453015
-0.162648,0.0359768,0.253728,0.447405
-0.000810303,0.0128579,0.187147,0.513324
-0.105335,-0.02567,0.262821,0.412342
0.169088,-0.0287578,0.133761,0.617111
0.1597,-0.0388703,0.147527,0.582048
0.180099,0.0179468,0.13539,0.535764
0.112336,0.0213433,0.161999,0.517532
0.223972,0.193267,0.0602199,0.518934
0.0932412,-2.42E-05,0.172314,0.460028
0.123743,-0.0219028,0.156666,0.41094
0.0690257,-0.0271359,0.186226,0.497896
0.101829,0.0451693,0.169404,0.382889
0.179327,-0.0732458,0.0395934,0.622721
0.292127,-0.0454545,0.0611438,0.443198
0.110785,-0.0474092,0.0359012,0.532959
0.0954179,0.0727799,0.164931,0.447405
0.251215,0.0479879,0.109752,0.42216
0.0742087,-0.0299491,0.159792,0.499299
-0.0415039,-0.0523386,0.22493,0.454418
-0.085543,0.0888285,0.237614,0.757363
-0.105237,-0.0501131,0.272525,0.786816
-0.13736,0.149006,0.263479,0.597475
-0.291208,0.000772271,0.386924,0.673212
-0.257077,-0.106635,0.468906,0.643759
-0.232947,-0.103818,0.428718,0.640954
-0.314029,0.0265504,0.352176,0.576438
-0.0392636,0.000827143,0.230948,0.69425
0.0397744,-0.0607704,0.191346,0.671809
-0.0295967,-0.0141247,0.226406,0.729313
-0.0441963,-0.0592564,0.24794,0.761571
-0.0201232,-0.0425941,0.223058,0.740533
-0.0521103,-0.0629808,0.230006,0.761571
0.111484,-0.0219161,0.0367735,0.284712
0.207129,-0.0461157,0.0549275,0.270687
0.174491,-0.0394454,0.0506212,0.27209
0.216731,0.0229132,0.0548109,0.244039
0.170919,-0.067587,0.038883,0.274895
0.171726,-0.0454265,0.0451761,0.252454
0.191857,-0.0381208,0.0542825,0.225806
0.222698,-0.0227912,0.0609041,0.378682
0.225178,-0.0204793,0.0613795,0.370266
0.272533,-0.0202117,0.0943066,0.83871
0.171032,-0.0210998,0.134427,0.906031
0.0894193,0.0239057,0.158332,0.900421
0.00833038,-0.0270914,0.210427,0.437588
0.163502,0.0823913,0.145292,0.454418
-0.14371,-0.005103,0.281568,0.28892
-0.163465,0.427125,0.141187,0.253857
0.171989,0.165626,0.135275,0.330996
0.0831446,0.0555617,0.172847,0.342216
-0.0257177,0.00251752,0.234415,0.409537
-0.0791959,0.0186927,0.261763,0.454418
0.11204,0.208259,0.159837,0.248247
0.0152593,0.0502254,0.196713,0.314165
-0.0282334,0.130296,0.235386,0.203366
-0.0836283,-0.0021907,0.259973,0.26648
-0.164656,-0.0274466,0.346387,0.293128
-0.173507,0.0879879,0.332804,0.2777
-0.179696,-0.0956668,0.376427,0.263675
0.00461524,-0.0251589,0.182035,0.273492
-0.0296683,0.210304,0.159915,0.297335
-0.0915687,0.0917123,0.134441,0.338008
-0.128425,0.104606,0.218413,0.340813
-0.0855901,0.23358,0.148223,0.199158
0.033668,-0.0605727,0.200499,0.43899
0.049095,-0.0517516,0.189911,0.41655
0.208021,0.0941914,0.0610684,0.345021
0.197155,-0.0510557,0.0438027,0.396914
-0.132845,0.0121134,0.304855,0.576438
-0.0919275,-0.0597378,0.270487,0.546985
0.00383379,-0.0588364,0.212353,0.500701
-0.103262,0.0410062,0.24086,0.69986
-0.04262,0.103479,0.19451,0.424965
0.0915649,-0.0196726,0.163989,0.479663
-0.326716,0.327141,0.162622,0.180926
-0.370721,0.164657,0.0961284,0.0462833
-0.354309,0.0548433,0.208703,0.194951
-0.399989,0.125097,0.216487,0.115007
-0.3636,0.112677,0.237174,0.137447
-0.450228,0.110774,0.27283,0.143058
-0.0151927,-0.0914068,0.227973,0.615708
0.0807836,-0.0549736,0.168158,0.782609
-0.244632,0.0354219,0.367352,0.882188
-0.256254,-0.0621335,0.426334,0.771388
-0.17918,-0.104399,0.338112,0.98317
-0.232636,-0.0264222,0.354875,0.523142
-0.259455,-0.0978818,0.450694,0.527349
-0.263156,-0.0578892,0.407089,0.476858
0.154784,-0.024944,0.153435,0.490884
0.150571,-0.0644395,0.14779,0.472651
0.115399,-0.0670389,0.161068,0.437588
-0.0992841,-0.101706,0.284248,0.382889
0.00124678,-0.076688,0.219156,0.408135
0.0183832,-0.0115324,0.211999,0.42777
0.0155581,0.0174842,0.212193,0.368864
0.161569,-0.0412459,0.146445,0.389902
-0.150529,-0.121927,0.343872,0.502104
-0.127695,-0.0333934,0.308035,0.431978
-0.24286,-0.128507,0.442058,0.394109
-0.106672,-0.102326,0.304924,0.403927
-0.16727,-0.0996243,0.350995,0.485273
-0.0539571,-0.0359588,0.249391,0.443198
-0.0288062,-0.0483704,0.224527,0.464236
-0.0727737,-0.0130607,0.271163,0.447405
-0.0372143,-0.100329,0.217827,0.385694
-0.163336,-0.0581471,0.277581,0.431978
-0.199471,-0.120569,0.382737,0.447405
-0.15441,-0.0667352,0.332736,0.368864
-0.176182,0.0187111,0.35094,0.360449
-0.226232,-0.0899637,0.380994,0.475456
-0.136937,-0.115714,0.334658,0.396914
-0.184003,-0.111801,0.115221,0.384292
-0.104944,0.0376761,0.0937825,0.492286
-0.146208,-0.106666,0.142349,0.371669
-0.158266,-0.0608844,0.116012,0.409537
-0.148866,-0.0691976,0.147578,0.446003
-0.184739,-0.0881203,0.214767,0.446003
0.179956,0.0289736,0.126063,0.406732
0.0913223,-0.054685,0.166238,0.447405
5.60E-05,0.00379658,0.206276,0.437588
-0.000678494,0.0562462,0.207132,0.431978
-0.0270549,-0.0794133,0.241942,0.413745
-0.0675397,-0.0735125,0.283564,0.336606
-0.0285346,-0.0689012,0.252655,0.350631
0.0905574,-0.050199,0.17102,0.475456
0.302168,0.0153766,0.0881191,0.380084
0.29407,-0.0133137,0.088251,0.429173
0.280226,-0.0292734,0.098938,0.304348
0.324763,0.019123,0.0792285,0.375877
0.266789,-0.036363,0.0952158,0.325386
0.322301,-0.00560762,0.0878419,0.506311
-0.324229,0.181504,0.263639,0.204769
-0.143953,0.053459,0.2103,0.286115
-0.333713,0.0517561,0.355851,0.364656
-0.294881,-0.122508,0.530728,0.396914
-0.173216,0.0494903,0.345761,0.302945
-0.286082,-0.0123127,0.462426,0.436185
0.28572,-0.014696,0.0657384,0.388499
0.288513,-0.0630201,0.0627622,0.570827
0.332415,0.0170207,0.0829816,0.622721
0.289293,-0.0386581,0.0647109,0.54418
0.301852,0.0877964,0.0967205,0.596073
-0.00425398,-0.0692449,0.205712,0.468443
-0.0420654,-0.0592797,0.227577,0.669004
0.0960956,-0.0226332,0.154025,0.661992
-0.181042,-0.0274332,0.320115,0.59467
0.0374128,0.0181334,0.196764,0.538569
0.0207837,-0.0935631,0.203959,0.575035
-0.0563821,0.136471,0.24099,0.496494
-0.022467,-0.0828119,0.237325,0.54979
0.0819519,0.0196434,0.174488,0.608696
0.320196,0.0581735,0.0950219,0.420757
0.171227,0.115976,0.133858,0.576438
0.267922,-0.020051,0.0984967,0.591865
0.146271,0.235176,0.159037,0.381487
0.215274,0.250576,0.11568,0.392707
0.329877,0.0349399,0.0829095,0.514727
0.232669,0.0166239,0.112809,0.701262
0.227574,0.276285,0.0802635,0.329593
0.185975,0.0379299,0.127147,0.483871
0.297216,-0.0353518,0.068819,0.605891
-0.416058,-0.0953227,0.683463,0.297335
-0.438116,0.00636444,0.218736,0.274895
-0.545277,0.246968,0.190067,0
0.0139156,-0.0912768,0.21652,0.639551
-0.0927563,-0.0878182,0.293209,0.553997
-0.0867254,0.0122663,0.261846,0.490884
0.0961227,0.107355,0.16718,0.496494
-0.0903313,-0.0285575,0.27949,0.591865
-0.158445,0.105389,0.262626,0.496494
0.30797,0.0191808,0.0754747,0.402525
0.222617,0.0838512,0.0662428,0.420757
0.12776,0.00249699,0.0380131,0.446003
0.281022,-0.0147931,0.0659643,0.40533
0.248092,-0.0695771,0.0513964,0.41094
0.286924,-0.0457494,0.0627856,0.437588
0.0830825,-0.0266806,0.173606,0.475456
0.00882989,-0.0333349,0.209202,0.492286
0.0557991,0.0684669,0.189936,0.626928
0.0286266,-0.0424637,0.189651,0.603086
0.0862972,-0.0663383,0.140756,0.611501
0.182024,-0.0099179,0.136587,0.737728
0.199967,0.0465298,0.133416,0.545582
-0.0243283,0.135004,0.204278,0.608696
-0.00379127,0.0817185,0.215267,0.534362
0.245943,0.0374241,0.110296,0.570827
0.27087,-0.0317341,0.104458,0.539972
0.0360859,0.0264599,0.183123,0.423562
0.0820638,0.13935,0.171686,0.374474
0.0673677,-0.0199273,0.185217,0.434783
-0.0678065,0.00797163,0.253304,0.56101
0.0269995,0.107134,0.188818,0.458626
0.170454,0.277167,0.104668,0.281907
-0.0494191,-0.0288713,0.245966,0.394109
-0.23695,0.130231,0.292774,0.43338
-0.116366,-0.0793826,0.307947,0.446003
-0.0901967,-0.0303263,0.29534,0.339411
-0.117081,0.0437819,0.289509,0.318373
-0.176765,-0.0147279,0.307221,0.43338
-0.108113,-0.0673059,0.291659,0.600281
-0.109073,-0.0797107,0.292296,0.457223
-0.176863,0.0222745,0.334433,0.467041
-0.137925,-0.0992908,0.328733,0.521739
-0.156309,0.13362,0.262007,0.458626
-0.14098,-0.0738196,0.296626,0.556802
-0.126735,0.168459,0.237645,0.409537
-0.0696881,-0.0576385,0.243173,0.503506
-0.118953,-0.0553049,0.282976,0.546985
-0.168518,0.0876099,0.319059,0.548387
-0.0770344,0.0881909,0.225488,0.482468
-0.143205,0.138206,0.249568,0.460028
-0.201656,0.0728371,0.307714,0.510519
-0.230645,-0.0634621,0.372379,0.586255
-0.260598,-0.0733687,0.441106,0.58345
-0.13714,0.201293,0.245891,0.57784
-0.216311,-0.041659,0.382289,0.538569
0.261696,-0.0286889,0.0978525,0.70547
0.332978,-0.00273463,0.0815442,0.7223
0.229133,-0.0141364,0.113662,0.708275
0.293842,-0.0401854,0.0807333,0.650771
0.228646,-0.0308254,0.106174,0.816269
0.142035,-0.0287005,0.123286,0.518934
0.0734667,-0.0410828,0.166353,0.681627
0.130922,-0.0163033,0.137457,0.525947
0.251879,0.000409472,0.0926776,0.499299
0.218866,0.0172571,0.0561379,0.461431
-0.186344,-0.0871856,0.395883,0.330996
-0.337749,0.0200806,0.389036,0.424965
-0.377723,0.18747,0.293322,0.276297
-0.258243,0.0163177,0.389369,0.28331
-0.0270332,-0.0570541,0.230613,0.691445
-0.0641997,0.117216,0.2429,0.586255
-0.146734,-0.00599087,0.283896,0.591865
-0.150599,0.00759941,0.293409,0.469846
-0.295151,-0.0228062,0.36057,0.332398
-0.17941,-0.081826,0.343872,0.467041
-0.15278,0.0520955,0.287,0.395512
-0.225455,-0.050549,0.408347,0.453015
-0.140838,-0.0890291,0.323284,0.479663
-0.267027,-0.134944,0.518306,0.345021
-0.0927168,0.0840115,0.244329,0.381487
-0.265885,-0.0362944,0.338664,0.378682
-0.185745,-0.0336331,0.351263,0.366059
-0.107188,-0.00195912,0.26331,0.342216
-0.0579463,-0.101504,0.00695456,0.28892
-0.0491465,-0.0434835,0.0110696,0.251052
-0.0411104,-0.106195,0.00474777,0.249649
-0.0213659,-0.0886569,0.007954,0.263675
-0.015425,-0.105076,0.00560135,0.239832
-0.187513,-0.0991346,0.322398,0.41655
-0.166164,-0.0245162,0.317201,0.30014
-0.316872,0.0331988,0.272387,0.387097
-0.126185,-0.0921477,0.282073,0.360449
-0.322747,-0.0954587,0.396532,0.276297
-0.233485,-0.106687,0.329203,0.30014
0.143699,0.0316114,0.147758,0.610098
0.0445432,-0.087671,0.19607,0.57784
0.16393,-0.0631378,0.130378,0.73352
0.157069,-0.0673659,0.134557,0.656381
0.15887,-0.0591511,0.0414838,0.791024
0.172266,0.120021,0.0671537,0.454418
0.177612,0.0254733,0.0520023,0.436185
-0.193697,-0.0443747,0.332232,0.541374
-0.0505243,0.135702,0.22957,0.4446
-0.146453,0.192278,0.168385,0.31136
-0.125559,-0.077373,0.310569,0.625526
-0.0678182,-0.0486787,0.235632,0.524544
0.0996701,0.218958,0.160372,0.402525
-0.011677,-0.0403852,0.21527,0.460028
-0.0501351,0.0700471,0.241186,0.496494
-0.124058,-0.076481,0.295182,0.495091
-0.110012,-0.0090166,0.282454,0.503506
-0.227116,-0.0191723,0.303488,0.293128
-0.14394,0.0472107,0.21266,0.377279
0.126687,0.0351301,0.156125,0.318373
-0.0114966,0.0256908,0.214959,0.40533
0.0368865,-0.0273535,0.192749,0.471248
-0.0354025,-0.0753134,0.230708,0.504909
-0.362131,0.00300643,0.304005,0.373072
-0.367465,0.130577,0.274126,0.378682
-0.276925,0.132508,0.100869,0.364656
-0.340853,0.12517,0.243023,0.30575
-0.504222,0.305067,0.176592,0.747546
-0.437658,-0.0734333,0.565433,0.371669
-0.313113,0.0262193,0.348817,0.265077
-0.342939,0.117983,0.184039,0.241234
-0.211815,0.433025,0.123691,0.251052
-0.333586,0.333053,0.159535,0.267882
-0.369004,0.182,0.274441,0.377279
-0.370047,0.129163,0.132119,0.221599
-0.372323,0.313263,0.200896,0.382889
-0.487226,0.301718,0.0887886,0.295933
-0.379469,0.0691251,0.190491,0.349229
-0.0933499,-0.0238778,0.273724,0.406732
-0.190656,0.0236507,0.311719,0.340813
-0.207195,0.0640141,0.295742,0.398317
-0.169988,0.0390022,0.324347,0.401122
-0.144111,-0.11213,0.352164,0.409537
-0.186408,-0.0870357,0.352773,0.360449
-0.079352,-0.0768701,0.26617,0.360449
-0.16028,-0.00414413,0.311687,0.335203
0.234436,0.114876,0.0794498,0.524544
0.261755,-0.0551491,0.0586214,0.537167
0.326076,0.0661175,0.0832476,0.479663
0.252426,0.110913,0.0822381,0.489481
0.250161,0.069394,0.0752534,0.570827
0.322251,-0.0217857,0.0821936,0.460028
-0.234184,0.0557778,0.317774,0.401122
-0.162019,-0.0675518,0.353048,0.392707
-0.26885,0.0679226,0.339872,0.346424
-0.322898,-0.0671082,0.512879,0.381487
-0.238263,-0.0730925,0.425527,0.356241
-0.204581,0.0235613,0.344908,0.333801
-0.171902,-0.00478163,0.312833,0.338008
0.108955,0.0294503,0.164897,0.528752
0.0899061,0.046132,0.171155,0.472651
0.139318,0.117512,0.152719,0.401122
0.146025,-0.0388288,0.145052,0.482468
0.0720303,-0.0246644,0.160058,0.506311
0.119514,-0.0251942,0.158172,0.465638
0.262004,-0.0291507,0.0577164,0.486676
0.124988,0.0415677,0.0446924,0.478261
0.140357,0.021474,0.0418709,0.426367
-0.0605315,-0.01228,0.253963,0.26648
-0.151456,-0.0541598,0.335779,0.26648
-0.155028,0.00967909,0.335513,0.27209
-0.228282,0.0685424,0.376018,0.329593
-0.1785,0.123884,0.2805,0.30575
-0.199552,0.106958,0.313188,0.281907
-0.18312,-0.0174155,0.339288,0.281907
-0.274777,-0.0505766,0.471932,0.343619
0.312454,0.0115494,0.0893549,0.612903
0.155568,0.212664,0.0625437,0.608696
-0.0725284,-0.0123693,0.241077,0.5554
-0.0802626,-0.0476704,0.266485,0.605891
-0.266887,-0.0578421,0.426389,0.506311
-0.137992,0.0101019,0.304322,0.54418
-0.056093,0.00531072,0.231107,0.635344
-0.190457,0.123235,0.276545,0.58345
-0.0898469,-0.00275495,0.269662,0.391304
-0.128935,0.0886694,0.237241,0.339411
-0.00153007,-0.0558544,0.230708,0.375877
-0.00756647,-0.0771473,0.227168,0.403927
-0.152062,0.00396816,0.269513,0.318373
-0.188954,0.000623565,0.349194,0.330996
-0.263311,-0.0598452,0.447893,0.429173
-0.239535,-0.0156779,0.375649,0.41655
-0.180125,-0.0706098,0.347272,0.345021
-0.227739,0.0201881,0.316875,0.478261
-0.277484,-0.0552529,0.478151,0.423562
-0.29091,-0.000614123,0.218723,0.318373
0.0329485,-0.0782831,0.197177,0.785414
-0.0282729,-0.0451632,0.227702,0.781206
-0.039797,-0.0343028,0.231771,0.576438
-0.0852443,-0.0304881,0.229658,0.685835
-0.0280107,-0.0431301,0.213653,0.639551
-0.0959489,0.00779044,0.280601,0.413745
0.0496205,-0.097074,0.185554,0.447405
-0.00373002,-0.0978052,0.225422,0.437588
0.155712,-0.0292293,0.140657,0.525947
-0.0236678,-0.0982495,0.24025,0.42216
0.200056,0.230017,0.139942,0.446003
0.182486,-0.0348666,0.135669,0.704067
-0.189203,0.0143826,0.285668,0.398317
-0.188907,-0.0629284,0.361814,0.56101
-0.0716222,0.14716,0.217273,0.488079
-0.146074,-0.0867866,0.168183,0.471248
-0.0713965,-0.098536,0.251213,0.590463
-0.140346,-0.0860343,0.327067,0.417952
0.0879521,-0.0766463,0.172655,0.758766
0.0113449,-0.0710257,0.202191,0.704067
0.087562,0.107685,0.156681,0.490884
0.10481,0.0604352,0.161945,0.568022
-0.0598867,-0.0882625,0.269334,0.586255
0.00856373,0.014347,0.227923,0.810659
-0.0688885,0.0490536,0.187221,0.624123
0.0650153,-0.0560731,0.167513,0.712482
0.25571,0.22814,0.0968836,0.380084
0.138779,-0.0499079,0.144406,0.558205
0.103734,0.293818,0.102007,0.190743
0.0738147,0.0684639,0.119519,0.347826
0.111312,-0.0180785,0.153745,0.430575
0.316914,0.0175525,0.0704327,0.521739
0.175284,-0.0341844,0.127412,0.457223
0.108481,0.00852389,0.157889,0.468443
0.0567381,-0.0547569,0.182089,0.460028
0.0575844,0.0258012,0.179883,0.40533
0.30426,-0.0559595,0.0654665,0.30575
0.188485,0.141064,0.0678398,0.255259
0.298994,0.00159355,0.0733014,0.231417
0.263741,-0.0309927,0.0597933,0.224404
0.240231,-0.0493207,0.0611932,0.256662
0.288523,-0.0498572,0.0627512,0.235624
0.109358,-0.012987,0.0314981,0.255259
0.185921,-0.0082872,0.0481837,0.274895
0.260316,0.0638972,0.102972,0.429173
0.280917,0.0902725,0.101979,0.510519
0.255955,0.327778,0.0942002,0.31136
0.307375,0.0141538,0.0886894,0.481066
0.164695,0.0684183,0.148511,0.775596
-0.370728,0.0539985,0.153537,0.185133
-0.373724,-0.0604922,0.373419,0.291725
-0.416971,-0.0795987,0.594171,0.381487
-0.41178,0.0449359,0.367383,0.318373
-0.488602,0.046972,0.318417,0.175316
-0.532908,0.0937457,0.355742,0.16129
-0.518339,-0.0981799,0.77187,0.211781
-0.530403,-0.0745631,1,0.225806
-0.478763,-0.025904,0.569158,0.259467
-0.519598,0.092231,0.318589,0.197756
0.14974,-0.0311974,0.0413671,0.256662
0.237973,-0.0410547,0.0585757,0.231417
-0.331456,0.0553038,0.229116,0.290323
-0.46456,-0.141193,0.702098,0.273492
-0.321123,-0.0819347,0.434699,0.251052
-0.357163,0.0548905,0.388921,0.297335
0.0210979,0.211956,0.195246,0.43899
-0.0528161,0.0339624,0.242279,0.475456
-0.113443,-0.0620162,0.293024,0.461431
0.0267787,0.0327964,0.199524,0.472651
-0.0712868,-0.0686666,0.256747,0.535764
-0.0137559,0.26605,0.163503,0.329593
-0.450074,-0.0305244,0.498497,0.280505
-0.412205,-0.0570267,0.617041,0.255259
-0.350193,0.0359622,0.417502,0.215989
0.0542599,-0.0524972,0.0260671,0.462833
0.134207,0.0563997,0.0528772,0.354839
-0.0396854,-0.0447939,0.244446,0.43338
0.0123932,-0.0794717,0.212825,0.471248
0.0478447,0.279291,0.176451,0.42216
-0.0628727,-0.0464072,0.224542,0.54418
0.0132692,-0.0374785,0.205222,0.493689
0.0449942,-0.084028,0.193217,0.436185
-0.0167184,-0.107009,0.00773821,0.2777
0.00734934,-0.0925327,0.0124501,0.279102
-0.0146982,0.183074,0.20874,0.394109
-0.113669,-0.0671872,0.245229,0.525947
-0.0141294,0.0186853,0.222611,0.469846
-0.0688135,-0.0678267,0.262032,0.409537
-0.128019,0.000640231,0.295083,0.492286
-0.107852,-0.0839374,0.267243,0.541374
-0.0057339,-0.0368824,0.213636,0.352034
0.232909,0.00169321,0.069828,0.26648
0.214895,-0.0630281,0.0436919,0.290323
-0.0178629,-0.0900363,0.00849697,0.27209
-0.0628784,-0.103516,0.0038406,0.27209
-0.00546928,-0.0915591,0.00666411,0.274895
-0.0956087,-0.10978,0,0.284712
-0.0151383,-0.0897222,0.0158087,0.28331
-0.0663242,-0.0886139,0.00969373,0.286115
-0.135947,-0.0348948,0.262742,0.490884
-0.177868,0.0236238,0.335815,0.377279
-0.256088,-0.00269295,0.304234,0.402525
-0.17567,0.0824223,0.277551,0.392707
-0.242887,0.0297325,0.348709,0.447405
-0.161441,-0.0211711,0.321982,0.590463
-0.116751,0.095779,0.245112,0.426367
-0.131598,0.055308,0.2457,0.472651
-0.00422204,0.034896,0.222211,0.371669
-0.222296,-0.00879408,0.340336,0.539972
-0.136768,0.0421245,0.26756,0.423562
-0.181445,0.103939,0.28036,0.392707
-0.0137044,0.0912513,0.198351,0.426367
-0.093036,-0.0105423,0.263561,0.415147
-0.0112618,-0.00125497,0.229418,0.387097
-0.218459,0.001232,0.309978,0.403927
-0.0266375,0.154067,0.156084,0.371669
-0.142175,-0.0208655,0.29906,0.490884
-0.100499,-0.0741016,0.297685,0.5554
0.0184079,0.212274,0.180359,0.538569
0.0587812,-0.074202,0.19131,0.725105
0.245972,-0.0438268,0.115028,0.371669
0.081466,0.0294293,0.17336,0.388499
0.115948,-0.0626433,0.167838,0.527349
0.0810924,-0.09647,0.178207,0.492286
0.155253,-0.0371651,0.150645,0.467041
0.122504,-0.0725752,0.155688,0.429173
-0.0509559,-0.104181,0.254084,0.671809
-0.117713,-0.0951283,0.317532,0.396914
-0.128031,-0.0366544,0.314361,0.451613
-0.177519,0.0448419,0.324502,0.304348
-0.21207,0.0427263,0.327951,0.373072
-0.286448,-0.0414982,0.434787,0.304348
-0.180896,-0.0464281,0.351343,0.374474
-0.156276,0.0316467,0.27896,0.354839
-0.204442,0.136886,0.23947,0.375877
-0.230754,-0.102819,0.43189,0.511921
-0.200748,-0.10048,0.411363,0.412342
-0.0238897,-0.0513654,0.242892,0.371669
-0.0315174,-0.0862557,0.250678,0.424965
-0.253731,0.0466417,0.310055,0.396914
-0.277598,0.350083,0.188467,0.368864
-0.258828,0.000907429,0.327894,0.381487
-0.22959,0.0727614,0.284803,0.447405
-0.26238,0.0101103,0.409485,0.500701
-0.315686,0.147816,0.127259,0.207574
0.127924,-0.0821908,0.156223,0.451613
0.125517,0.0299261,0.158956,0.458626
0.224836,-0.0225527,0.1188,0.381487
0.288204,-0.0397882,0.0988519,0.391304
0.260301,-0.051521,0.110417,0.469846
0.0611817,-0.0747982,0.169069,0.395512
0.25565,-0.0223024,0.111555,0.394109
-0.210933,-0.0675371,0.372402,0.207574
-0.0976308,-0.0462233,0.291572,0.224404
0.201679,0.124604,0.125214,0.210379
0.146278,-0.0516971,0.140673,0.269285
0.165062,-0.0267465,0.146135,0.239832
-0.210432,-0.0577854,0.373401,0.359046
-0.309166,-0.0295203,0.483389,0.461431
-0.22571,0.0143727,0.339444,0.343619
-0.167475,0.138782,0.229031,0.366059
-0.164332,0.00504761,0.290049,0.360449
-0.232817,0.0221771,0.325202,0.354839
-0.125733,0.108711,0.24684,0.382889
-0.231593,0.0723877,0.269495,0.394109
-0.104474,-0.00420517,0.283128,0.520337
-0.155337,0.0589111,0.231646,0.461431
-0.243409,-0.0301576,0.404065,0.426367
-0.136132,0.0262135,0.294583,0.552595
-0.00904897,0.00155804,0.221766,0.403927
0.0675486,-0.0256722,0.185676,0.389902
-0.0730935,-0.0757451,0.275608,0.43899
-0.00566902,-0.0898894,0.224647,0.497896
-0.0305701,-0.0701332,0.242835,0.43899
-0.111682,-0.0199157,0.276035,0.56101
-0.24542,-0.0587986,0.430586,0.54979
-0.307411,-0.0505606,0.362747,0.506311
-0.285864,-0.0141722,0.378678,0.551192
-0.291424,-0.0850833,0.530469,0.458626
-0.213701,0.0453035,0.323998,0.4446
-0.187073,-0.00921763,0.32974,0.469846
-0.027539,0.0710473,0.234549,0.4446
-0.0160048,-0.109574,0.233493,0.43899
-0.096003,0.0206755,0.199556,0.440393
-0.0588492,0.0550327,0.245953,0.409537
0.0123354,-0.0131392,0.215999,0.359046
-0.167098,-0.0692524,0.354471,0.309958
-0.163042,-0.110849,0.329676,0.373072
-0.121856,0.0433814,0.281171,0.380084
0.0603409,-0.0260896,0.173063,0.59467
-0.203806,-0.0179018,0.339174,0.356241
-0.0788801,-0.0385053,0.264541,0.41655
-0.0320147,-0.00856079,0.206157,0.472651
-0.237568,-0.0369467,0.407653,0.364656
-0.262849,-0.0772793,0.482566,0.389902
-0.222285,-0.0234818,0.375235,0.377279
-0.274131,-0.0480425,0.380353,0.395512
-0.288807,-0.131244,0.563115,0.412342
-0.264786,-0.00534858,0.427827,0.363254
0.0663338,-0.0522111,0.189399,0.500701
-0.29507,0.0265817,0.415339,0.573633
-0.29815,-0.117882,0.56505,0.496494
-0.374222,-0.0151656,0.494947,0.434783
-0.328577,-0.0432827,0.461229,0.403927
-0.215283,0.0375033,0.0819384,0.446003
-0.216727,-0.00866188,0.178354,0.375877
0.109136,-0.0379967,0.169537,0.371669
-0.0400072,-0.0591872,0.239901,0.429173
0.0382147,-0.0328833,0.202027,0.509116
-0.0184237,0.112431,0.22625,0.323983
0.0723237,0.266956,0.172361,0.223001
0.0750403,-0.00842529,0.183581,0.353436
0.291818,0.174363,0.111126,0.485273
0.0718168,0.0603274,0.0353068,0.381487
0.246659,0.0544887,0.0957613,0.325386
0.116189,-0.000270401,0.157779,0.315568
0.218659,-0.00848747,0.10916,0.323983
0.319642,0.0135707,0.0752233,0.350631
0.102241,-0.0412529,0.145258,0.309958
-0.137838,0.119011,0.226146,0.723703
-0.133635,-0.0351974,0.282782,0.677419
-0.0383142,-0.00857561,0.250354,0.619916
-0.0628753,0.00354615,0.220185,0.793829
-0.124991,-0.0919114,0.105675,0.453015
-0.103468,-0.0309435,0.279406,0.58906
0.244154,-0.0385874,0.113704,0.584853
0.242876,0.0544744,0.109714,0.687237
0.258426,-0.0170029,0.108279,0.516129
0.275205,0.0597778,0.0987107,0.516129
-0.0564285,0.0119617,0.249917,0.580645
-0.0570466,-0.107674,0.259366,0.468443
-0.0318266,-0.0271977,0.201437,0.576438
-0.241744,0.104474,0.190051,0.496494
-0.048752,-0.112999,0.251145,0.423562
-0.149884,0.0440846,0.270877,0.499299
-0.237834,-0.0538381,0.389511,0.395512
-0.20203,0.0156651,0.348465,0.338008
-0.29395,0.226375,0.208298,0.312763
-0.280662,0.085638,0.31044,0.430575
-0.292891,-0.0436435,0.376912,0.373072
-0.228979,-0.0502554,0.384905,0.42777
-0.00271587,-0.0536886,0.211681,0.744741
-0.0316519,-0.0529538,0.19979,0.757363
-0.0187723,-0.0244777,0.201807,0.799439
-0.0194854,-0.0506105,0.219389,0.729313
0.0415262,-0.00597536,0.18658,0.7223
-0.214838,-0.0679791,0.400156,0.391304
-0.250095,-0.0182697,0.321786,0.343619
-0.386165,-0.0462607,0.497609,0.338008
-0.189498,0.044296,0.326039,0.253857
-0.43406,0.0302598,0.460158,0.402525
-0.450654,-0.0785079,0.632734,0.301543
0.153084,0.0296146,0.147897,0.359046
0.166987,0.0611072,0.147611,0.424965
0.179339,0.00824374,0.135602,0.352034
0.198586,0.116366,0.131596,0.366059
0.0169165,-0.00341878,0.195262,0.500701
0.145493,0.0685396,0.0566588,0.461431
0.0807,0.0528871,0.172402,0.389902
0.139745,-0.0235294,0.154105,0.395512
0.17642,-0.00134897,0.13059,0.413745
0.284911,0.0412121,0.10188,0.490884
0.284279,0.0292005,0.103565,0.524544
0.275218,0.0341383,0.0750171,0.579243
0.346573,-0.0233026,0.0798212,0.552595
0.0848068,0.0188622,0.0386217,0.361851
0.349081,-0.0360011,0.082589,0.394109
0.261502,-0.0153372,0.0604276,0.41655
0.183224,0.0479871,0.0544603,0.408135
0.34651,-0.0199565,0.0798212,0.41655
-0.201672,0.0147515,0.342589,0.398317
-0.094154,0.110031,0.260695,0.373072
-0.298116,-0.045493,0.503164,0.472651
-0.248515,-0.0428483,0.43189,0.513324
-0.0988409,-0.104707,0.307085,0.513324
-0.157855,-0.0107881,0.319027,0.539972
-0.0353567,-0.0249616,0.117967,0.5554
-0.0827864,0.338232,0.241387,0.330996
-0.0123052,-0.0503251,0.10226,0.534362
-0.0208031,0.0237782,0.226724,0.573633
-0.0826693,0.0255788,0.269764,0.565217
0.104701,0.224181,0.0512078,0.0701262
0.234521,-0.0565638,0.050639,0.249649
0.144038,-0.0719005,0.0348601,0.286115
0.21759,-0.0273415,0.0630139,0.259467
0.0910336,-0.0629145,0.022592,0.298738
0.0848692,-0.0569626,0.0228196,0.265077
0.067469,-0.0433391,0.0224187,0.242637
-0.058469,0.0274734,0.23709,0.27209
-0.0788389,-0.00781039,0.278371,0.274895
-0.0983867,-0.012961,0.284823,0.237027
-0.0145793,0.102286,0.216038,0.245442
-0.010018,0.188094,0.230417,0.231417
0.13136,-0.0576879,0.151286,0.468443
-0.104441,-0.0414487,0.284661,0.481066
-0.12219,0.176672,0.255347,0.406732
-0.114901,-0.10846,0.281334,0.434783
-0.0414211,0.0345943,0.24768,0.460028
0.0429471,0.0869117,0.173381,0.535764
-0.0283098,-0.0249516,0.240404,0.460028
-0.0858112,-0.0232106,0.251161,0.507714
0.306907,-0.0291128,0.095856,0.603086
0.250417,0.077316,0.113727,0.601683
0.262894,0.0435606,0.106208,0.499299
0.205608,-0.00954541,0.124828,0.596073
0.254904,-0.0468082,0.109936,0.69986
0.183063,0.0669149,0.131636,0.58906
0.192199,0.0334734,0.0493792,0.316971
0.300052,0.0726329,0.097193,0.380084
0.307717,0.0134247,0.077092,0.319776
0.14594,0.00220144,0.0462357,0.350631
0.170619,-0.0296968,0.0380353,0.251052
0.310768,-0.0189103,0.0732262,0.412342
0.225964,0.109246,0.121513,0.424965
0.0743936,0.0652345,0.172346,0.481066
0.0457139,-0.030475,0.187789,0.468443
0.17285,-0.0231566,0.139833,0.408135
0.162638,-0.0304422,0.131387,0.406732
0.247475,-0.0283384,0.103952,0.56101
0.103423,-0.0537745,0.162146,0.764376
0.197655,0.00286611,0.127299,0.58906
0.151014,-0.0417605,0.154879,0.464236
0.298864,0.143481,0.092919,0.41094
-0.217274,0.0956962,0.238992,0.391304
-0.172855,0.116719,0.283755,0.31136
-0.202206,-0.036928,0.388859,0.338008
-0.216242,-0.0553862,0.389233,0.391304
-0.189287,-0.123593,0.393866,0.373072
0.158483,-0.0254197,0.0392713,0.41094
0.217371,-0.000762355,0.058715,0.458626
0.307639,0.0147725,0.0798212,0.464236
0.292177,0.0328854,0.0980423,0.676017
0.240441,-0.0340292,0.108498,0.525947
0.274844,0.0778495,0.114426,0.447405
-0.0334412,0.138972,0.173644,0.286115
-0.141002,0.21098,0.242278,0.441795
0.0767655,-0.0621227,0.169343,0.346424
-0.0631661,0.120209,0.233912,0.373072
0.008285,0.0452462,0.223794,0.394109
-0.106973,0.144398,0.247231,0.395512
-0.123056,0.0813407,0.233961,0.485273
-0.0467379,0.149263,0.231552,0.347826
-0.0941781,0.272902,0.186083,0.340813
0.266588,-0.0496206,0.0579536,0.232819
0.215618,-0.0604434,0.0470706,0.244039
0.298771,-0.0208695,0.0719725,0.227209
0.281978,-0.0491131,0.0671651,0.223001
0.256764,-0.0368401,0.0611175,0.230014
0.16873,-0.0460817,0.0371462,0.194951
0.166905,-0.0502381,0.0436498,0.207574
0.300387,-0.0322765,0.0835402,0.220196
0.290091,-0.0524931,0.062107,0.234222
0.273741,-0.0506823,0.0666486,0.215989
0.311311,-0.012191,0.0750311,0.217391
0.298354,-0.0310632,0.0934399,0.45582
0.295777,0.0774114,0.102207,0.434783
0.315381,0.0692917,0.0964871,0.42777
0.128873,0.176726,0.173815,0.446003
0.141526,-0.0486304,0.0325168,0.279102
0.105293,-0.0399003,0.0263822,0.323983
0.15315,-0.0363112,0.0355915,0.253857
0.139188,-0.0543405,0.033762,0.330996
0.123787,-0.043905,0.0273561,0.298738
0.181087,-0.0507375,0.0418226,0.28331
0.151769,-0.0435185,0.0370558,0.234222
0.0947463,-0.0334306,0.0224187,0.238429
-0.309442,0.0325292,0.356446,0.364656
-0.358774,-0.141868,0.535645,0.349229
-0.279531,-0.0417023,0.442588,0.481066
-0.341387,-0.00189162,0.536641,0.489481
-0.0675774,-0.0825804,0.282564,0.238429
-0.0377071,-0.0828901,0.254712,0.248247
0.0273111,-0.0654019,0.189843,0.225806
0.0171505,-0.0409258,0.196351,0.220196
0.0144972,-0.0706651,0.197177,0.206171
0.211437,-0.0552815,0.0438434,0.199158
0.118447,-0.0500126,0.0293947,0.244039
-0.0073878,-0.0949382,0.00461408,0.258065
-0.0222322,-0.0680104,0.00647359,0.244039
0.00213424,-0.0463389,0.0127605,0.273492
0.0785326,-0.0711073,0.0171936,0.256662
0.105144,-0.0716053,0.0301273,0.259467
0.105685,-0.0418438,0.0276301,0.253857
0.105185,-0.0701517,0.0262808,0.270687
0.00148243,-0.0884201,0.00561842,0.267882
0.114896,-0.0409644,0.0293844,0.237027
0.131239,-0.0730325,0.0304783,0.194951
0.156046,-0.0567869,0.0427613,0.175316
0.143254,-0.0360128,0.0362858,0.154278
0.15428,-0.0472517,0.0319858,0.154278
0.119084,-0.0611014,0.0332923,0.28331
0.109065,-0.0645192,0.0308117,0.232819
0.143813,0.0017009,0.0430668,0.244039
0.16515,-0.0320645,0.0374426,0.274895
0.148679,-0.0630208,0.0394962,0.280505
0.194145,-0.0724487,0.0406171,0.291725
-0.185617,0.0727766,0.294974,0.42777
-0.219587,-0.0635429,0.423647,0.4446
-0.191349,0.151516,0.243613,0.297335
0.113068,0.0554551,0.036043,0.406732
0.145072,-0.0278214,0.0377971,0.417952
0.177925,-0.0359047,0.0396128,0.403927
0.159761,-0.0217055,0.0408756,0.384292
0.163694,-0.02237,0.0398625,0.373072
0.152205,-0.0508937,0.0331615,0.297335
0.14334,-0.0327361,0.0365112,0.301543
0.112844,-0.0438891,0.0303116,0.326788
0.126069,-0.0426667,0.0280464,0.332398
0.152626,-0.0338256,0.036112,0.343619
0.106159,-0.0390724,0.0231948,0.326788
-0.0542569,-0.0737858,0.199311,0.227209
0.0533813,-0.048294,0.181449,0.298738
-0.044725,0.329252,0.214001,0.162693
-0.153084,-0.0554161,0.336676,0.270687
0.218236,0.0170158,0.11762,0.244039
0.193728,-0.0546593,0.0407025,0.242637
0.125734,-0.062096,0.0300131,0.308555
0.13261,-0.0650553,0.0298884,0.258065
0.101934,-0.0676202,0.0206437,0.280505
0.129777,-0.0370747,0.0328256,0.273492
0.144594,-0.0695056,0.0427159,0.258065
0.233904,-0.0133552,0.0544469,0.286115
0.145838,0.00888053,0.0428334,0.308555
0.263837,-0.0248258,0.0577182,0.28892
0.276099,-0.0189704,0.0682509,0.252454
0.190512,-0.00724987,0.0457768,0.270687
0.228436,-0.0359362,0.0631355,0.262272
0.293325,-0.0185199,0.0716714,0.178121
0.285698,-0.0428576,0.0645875,0.173913
0.295535,-0.0181058,0.0895111,0.171108
0.307278,-0.0403923,0.0693785,0.190743
0.347177,-0.00461623,0.081379,0.179523
0.121549,-0.0358068,0.0326982,0.373072
0.0771934,-0.0521777,0.0227108,0.309958
0.164064,-0.0446281,0.0356634,0.350631
0.175844,-0.0731603,0.0372193,0.28331
0.0985662,-0.03906,0.0297516,0.375877
0.0969325,-0.0514639,0.0213573,0.295933
0.0439968,-0.0447395,0.186835,0.399719
-0.115106,-0.0652182,0.27711,0.500701
-0.0338834,-0.0126691,0.22812,0.436185
-0.0770542,-0.0588947,0.239269,0.496494
0.115237,0.000168451,0.158951,0.41094
-0.0324856,-0.0578019,0.219944,0.363254
0.223882,-0.0238026,0.0492846,0.345021
0.228988,-0.0451662,0.0502632,0.329593
0.22212,-0.0319012,0.0488214,0.361851
0.194438,-0.0253136,0.0517245,0.352034
0.203866,-0.0341191,0.044481,0.304348
0.186223,-0.0182396,0.0422487,0.30575
0.0980493,-0.0707203,0.170012,0.255259
0.0444982,-0.0589421,0.193177,0.211781
-0.0355256,-0.0953726,0.255855,0.211781
0.029043,-0.0532512,0.200328,0.234222
0.000865565,-0.0735031,0.217024,0.227209
0.00491646,-0.0907122,0.226516,0.204769
-0.237036,0.0336168,0.202561,0.457223
-0.175406,0.0187576,0.178696,0.352034
-0.222488,-0.0967093,0.270408,0.430575
-0.237374,-0.0383583,0.161871,0.525947
-0.185416,0.0283688,0.32179,0.429173
-0.289612,-0.120837,0.345141,0.419355
-0.15558,-0.0684523,0.35744,0.409537
-0.14642,-0.033593,0.301244,0.429173
-0.150545,0.125668,0.25837,0.353436
-0.137679,-0.0400042,0.280115,0.395512
-0.224004,-0.110111,0.418411,0.656381
-0.279374,0.0416928,0.391598,0.503506
-0.299706,0.064324,0.317385,0.538569
-0.267437,0.00865024,0.334753,0.551192
-0.279215,-0.0421471,0.329447,0.488079
-0.22368,-0.039793,0.374206,0.517532
0.0811648,-0.0152673,0.163579,0.507714
0.0937677,0.0955589,0.165703,0.485273
0.0340335,0.195287,0.157276,0.559607
-0.0145734,0.09927,0.215977,0.363254
0.0277665,-0.0317726,0.201271,0.482468
0.00267743,-0.0412915,0.233176,0.458626
-0.180304,0.0277984,0.33074,0.469846
0.0611463,0.090765,0.178627,0.389902
-0.0463446,0.0219275,0.237801,0.352034
-0.101263,-0.0721199,0.161627,0.559607
-0.0721575,0.0662773,0.126124,0.479663
0.0882465,0.0979757,0.152306,0.423562
0.306558,-0.0241575,0.0925133,0.417952
0.228497,0.234142,0.111137,0.356241
0.200425,0.0438946,0.0584837,0.319776
-0.25555,-0.0778858,0.428357,0.476858
-0.234424,-0.070504,0.367683,0.485273
-0.227571,-0.0819954,0.386,0.392707
-0.200155,0.0600954,0.266665,0.330996
-0.232188,0.0164186,0.34799,0.446003
-0.00344146,-0.092309,0.21497,0.251052
0.05088,-0.0181471,0.191275,0.249649
-0.00409011,-0.0936094,0.230157,0.237027
-0.0804925,-0.111045,0.289708,0.273492
-0.295591,-0.111786,0.51416,0.41655
-0.319138,-0.0182227,0.467607,0.402525
-0.0656606,0.0334619,0.256477,0.378682
-0.308419,-0.0649229,0.539911,0.406732
-0.0708746,-0.0928873,0.27243,0.424965
-0.223743,-0.110619,0.433545,0.509116
0.129681,0.160452,0.153861,0.548387
0.128897,0.0517921,0.155794,0.692847
0.0261688,-0.0353666,0.183753,0.723703
0.102547,-0.0065417,0.160459,0.619916
-0.0615317,0.497382,0.167281,0.242637
0.00117481,0.187289,0.206186,0.354839
0.213542,0.0770326,0.0711002,0.615708
0.228052,0.0229811,0.0662569,0.628331
0.174362,0.0796021,0.0611273,0.504909
0.247228,-0.0212292,0.0561628,0.499299
0.277297,-0.00538685,0.076897,0.671809
0.165533,-0.0131767,0.0464012,0.568022
0.175832,-0.0408335,0.0423265,0.610098
0.208129,0.0208407,0.0579025,0.807854
0.233183,2.48E-05,0.067415,0.625526
0.226569,-0.00108015,0.0574835,0.576438
0.153671,-0.0541742,0.041691,0.625526
0.22826,-0.0444363,0.0541297,0.796634
0.198808,0.176779,0.0780739,0.4446
0.220678,0.0767638,0.0682145,0.413745
0.209358,-0.0650233,0.0471941,0.509116
0.221072,0.00615226,0.0565024,0.457223
0.21925,0.0282824,0.0591896,0.582048
0.301183,0.185006,0.103618,0.539972
0.207362,0.0866031,0.0574545,0.448808
0.231169,0.0446341,0.0597969,0.631136
0.258594,0.00758794,0.0665885,0.516129
0.288048,0.0108787,0.0749584,0.430575
0.31081,-0.0139755,0.0748785,0.545582
0.259376,-0.0370572,0.0627269,0.556802
0.251551,-0.0184819,0.0658388,0.558205
0.229231,-0.0725371,0.0504821,0.565217
0.117923,0.212227,0.0624156,0.436185
0.33206,0.0895539,0.081902,0.451613
0.223803,-0.00117288,0.0587101,0.59467
0.190938,0.0415619,0.0583059,0.586255
0.239731,-0.035135,0.0602207,0.542777
0.186584,-0.0597854,0.040978,0.476858
0.264489,-0.0108381,0.0670905,0.469846
0.227749,0.048602,0.060082,0.586255
0.265427,-0.013831,0.0636578,0.677419
0.221848,-0.0247426,0.0556363,0.509116
0.224561,-0.0352085,0.0513741,0.674614
0.152842,0.020814,0.0467459,0.521739
0.240247,-0.0167126,0.0570403,0.570827
0.125867,-0.048208,0.0312769,0.698457
0.19941,-0.0562168,0.0439624,0.58906
0.252086,0.0396377,0.0685999,0.568022
0.272692,-0.0275038,0.0735856,0.43899
0.188791,0.441856,0.0836273,0.129032
0.212201,0.0257738,0.0625417,0.530154
0.185064,0.318979,0.0938178,0.26087
0.176625,-0.0339747,0.0470511,0.461431
0.198749,-0.0135966,0.0499158,0.314165
0.141246,-0.0643332,0.0386034,0.45021
0.128813,0.0471426,0.0462909,0.302945
0.141282,-0.000391431,0.149739,0.461431
0.174921,0.0161908,0.13787,0.481066
0.225491,-0.00997741,0.0525894,0.760168
0.262919,-0.0033042,0.0646412,0.720898
0.249477,-0.0202272,0.0578492,0.730715
0.263711,0.00128154,0.0671816,0.819074
-0.172294,-0.0258201,0.305534,0.617111
-0.122527,-0.103931,0.294195,0.614306
-0.17754,-0.0520505,0.324049,0.573633
-0.258955,-0.0393596,0.411018,0.586255
-0.243367,-0.0453596,0.436907,0.654979
-0.233949,-0.0535641,0.42665,0.524544
-0.400597,0.0585353,0.247473,0.468443
-0.318928,-0.0901886,0.462773,0.458626
-0.293103,-0.0883439,0.488246,0.429173
-0.243784,-0.0486017,0.382361,0.384292
-0.260209,-0.130821,0.491026,0.389902
-0.315854,-0.0911958,0.180105,0.375877
0.258667,-0.0174264,0.0660017,0.605891
0.319249,-0.0164042,0.0727266,0.479663
0.254503,0.0325734,0.0625417,0.525947
0.326453,0.015568,0.0812881,0.556802
0.235361,-0.0271238,0.0591113,0.58345
-0.170769,-0.0262442,0.318998,0.301543
-0.251419,-0.0193315,0.360237,0.314165
-0.18179,-0.0723186,0.340469,0.316971
-0.142277,-0.068721,0.306927,0.293128
-0.148519,-0.00441868,0.260639,0.2777
-0.218751,-0.0978711,0.391113,0.316971
-0.253912,-0.0878842,0.378747,0.465638
-0.284182,0.00261053,0.365377,0.454418
-0.306598,-0.0975004,0.508578,0.485273
-0.290062,-0.0772136,0.280856,0.516129
-0.326984,-0.0646516,0.293897,0.489481
-0.22932,-0.0322293,0.335951,0.590463
0.247044,-0.0186722,0.0616451,0.767181
0.11944,-0.0224427,0.037449,0.562412
0.179126,0.00234101,0.0521704,0.654979
0.217132,0.0332817,0.0603984,0.753156
0.240582,0.0777623,0.0772379,0.551192
0.265861,-0.00830585,0.0692305,0.642356
0.208515,-0.00871311,0.0494891,0.378682
-0.19912,0.0996339,0.220196,0.251052
-0.0698844,0.210657,0.232192,0.347826
0.0959831,0.30334,0.162563,0.328191
0.0133001,0.103439,0.194129,0.392707
0.00898233,0.472488,0.161875,0.293128
0.0314018,-0.0655258,0.01749,0.527349
0.121467,-0.0304322,0.036759,0.413745
0.0529228,-0.0333463,0.0321154,0.409537
0.1735,-0.0158925,0.0478742,0.328191
0.074255,-0.0215801,0.0269197,0.591865
0.113858,-0.0349367,0.0302155,0.431978
0.124903,-0.00035361,0.0406412,0.370266
0.319441,-0.0115048,0.0875814,0.524544
0.296881,-0.0446753,0.0702907,0.71108
0.292066,-0.0108987,0.0742691,0.621318
0.300482,0.0435943,0.0875185,0.611501
0.267663,-0.0521528,0.0596205,0.669004
0.32513,-0.0444678,0.0836901,0.54979
0.0468893,-0.0438604,0.0193573,0.677419
0.0798759,0.0527043,0.043209,0.509116
0.0632105,-0.0304146,0.0335947,0.41094
0.166405,0.0323975,0.044696,0.471248
0.108212,-0.0183304,0.034817,0.476858
0.00347427,-0.01782,0.0187138,0.629734
0.139524,-0.0258139,0.0377781,0.56662
0.130337,-0.011835,0.0387465,0.458626
0.116209,-0.000484645,0.0360372,0.781206
0.129252,-0.039089,0.034393,0.618513
0.13462,-0.0313645,0.0382175,0.748948
0.0708899,-0.0553187,0.022592,0.511921
0.0896516,-0.0756529,0.022295,0.852735
0.0704349,-0.038421,0.0395388,0.467041
0.0990754,0.00466056,0.0452724,0.366059
-0.00819002,-0.0285575,0.0176022,0.485273
0.160799,-0.00520473,0.0472643,0.523142
0.246467,0.00490305,0.118777,0.596073
0.262486,0.0829983,0.0807412,0.647966
0.272542,0.0288989,0.0678941,0.796634
0.24271,0.120385,0.0945987,0.692847
0.315037,0.0731032,0.0849797,0.596073
0.233544,0.0218124,0.0601708,0.479663
0.219904,-0.0633478,0.0495556,0.347826
0.166411,-0.0428772,0.0427613,0.322581
0.201517,-0.0709477,0.0412929,0.326788
0.197631,-0.07099,0.0440372,0.367461
0.196195,-0.0798689,0.0497013,0.326788
0.337863,-0.0299888,0.0763422,0.333801
0.272654,0.127244,0.116064,0.4446
0.112471,0.518752,0.124387,0.218794
0.298429,-0.0446547,0.0672473,0.610098
0.274696,-0.0440259,0.061111,0.719495
0.276267,0.0208311,0.065363,0.734923
0.330096,-0.0036826,0.0834358,0.582048
0.310214,-0.0293382,0.0724982,0.704067
0.281705,-0.0112562,0.0673866,0.792426
0.126348,-0.0385638,0.0333143,0.462833
0.0761874,0.0505611,0.0385938,0.548387
0.102276,-0.020313,0.0332979,0.591865
0.0608797,-0.0124982,0.0214799,0.687237
0.262006,0.0462414,0.0681563,0.345021
0.0642335,-0.082945,0.0296296,0.493689
0.231147,0.00452272,0.0645139,0.429173
-0.204263,-0.0558083,0.34913,0.687237
-0.200125,-0.0331539,0.29204,0.654979
-0.203648,-0.0730913,0.306974,0.622721
-0.150355,-0.0643082,0.335112,0.597475
-0.185871,-0.0810056,0.35175,0.670407
-0.209008,-0.0544197,0.356753,0.56101
-0.230976,-0.0529179,0.320626,0.671809
-0.173399,-0.114188,0.321489,0.575035
-0.24512,0.0882242,0.272697,0.457223
-0.258258,-0.0931994,0.479899,0.530154
-0.216568,-0.0849964,0.386636,0.605891
-0.267855,-0.0315214,0.393408,0.584853
-0.114973,-0.0272479,0.275451,0.781206
-0.0669423,0.0487131,0.136435,0.415147
-0.136449,-0.0982795,0.247951,0.660589
-0.195182,0.0515096,0.227008,0.41094
-0.0981118,-0.0358732,0.277806,0.608696
0.163881,-0.0390713,0.0387037,0.706872
0.101951,0.0560468,0.0386608,0.507714
0.20212,0.0932584,0.0660391,0.576438
0.192578,0.0110648,0.0561088,0.497896
0.153391,-0.0102572,0.0444606,0.517532
0.0827555,-0.0241761,0.0260844,0.587658
0.211239,-0.0110412,0.112566,0.785414
0.27406,0.0742336,0.0837114,0.576438
0.268969,-0.0348623,0.105363,0.338008
0.31236,-0.032314,0.0679909,0.446003
0.265062,0.0526692,0.10944,0.403927
0.337341,-0.0376363,0.07727,0.350631
0.276952,-0.0545776,0.105534,0.346424
0.257347,-0.0590791,0.111338,0.314165
-0.22492,0.00363994,0.125623,0.516129
-0.177079,0.0813953,0.312422,0.532959
-0.108769,0.0352645,0.267562,0.545582
-0.191961,-0.0374973,0.122528,0.607293
-0.158483,0.245859,0.211766,0.479663
-0.228639,-0.0333431,0.368517,0.539972
-0.126236,-0.0614342,0.309294,0.319776
-0.0709689,-0.0523062,0.272891,0.345021
-0.110788,-0.0969978,0.300585,0.346424
-0.1139,-0.0685123,0.300412,0.333801
0.0641046,-0.0861501,0.184138,0.726508
0.141888,-0.0661151,0.156656,0.631136
0.170625,-0.0563718,0.0425585,0.194951
0.203307,-0.0395466,0.0462909,0.201964
0.318756,0.0566381,0.0785172,0.207574
0.146391,0.0158935,0.146211,0.475456
0.0936375,-0.048982,0.164183,0.423562
0.072143,-0.0341521,0.171572,0.469846
0.154873,0.00117438,0.140653,0.419355
0.0325612,-0.0498271,0.193899,0.499299
0.0947089,-0.0226534,0.167183,0.531557
0.302289,-0.00843753,0.0786424,0.507714
0.208199,0.0618752,0.121905,0.430575
0.0829076,-0.00658742,0.157276,0.495091
0.163494,0.0946323,0.128769,0.507714
0.0815422,-0.0513307,0.176221,0.482468
-0.0604973,0.0989999,0.230042,0.631136
0.0157506,0.0158741,0.175499,0.600281
-0.0528443,0.215936,0.190222,0.412342
-0.0926586,-0.0212928,0.235544,0.638149
0.0707783,0.162007,0.16554,0.687237
-0.185946,-0.0526449,0.328308,0.518934
-0.0937549,-0.0537231,0.248243,0.54418
-0.0720729,-0.0272085,0.24264,0.460028
-0.187264,-0.0908886,0.358841,0.461431
-0.112491,-0.0535714,0.267663,0.504909
-0.10167,-0.0198527,0.249415,0.4446
0.0985278,0.202952,0.16952,0.384292
0.0673163,-0.034421,0.177325,0.461431
0.0854376,0.0345301,0.17869,0.40533
0.0361129,-0.00658831,0.202991,0.45021
-0.40525,0.0281346,0.384874,0.258065
-0.279392,-0.118081,0.327414,0.263675
-0.334255,0.039003,0.331201,0.234222
-0.378917,0.0204456,0.454125,0.29453
-0.368268,-0.0396386,0.379879,0.241234
-0.286097,-0.0594501,0.380307,0.255259
-0.29751,-0.129149,0.427132,0.234222
-0.242839,-0.0836348,0.41118,0.251052
-0.328259,-0.078283,0.491108,0.28892
-0.318636,-4.97E-05,0.374409,0.267882
-0.273927,0.122333,0.292993,0.27209
0.279449,0.0389574,0.0709206,0.403927
0.124664,-0.0427984,0.0362278,0.461431
0.272796,-0.0183382,0.0630746,0.513324
0.332493,0.102269,0.0947033,0.496494
0.253844,0.022081,0.0683215,0.460028
-0.172394,-0.0638841,0.313929,0.460028
-0.120979,-0.0544343,0.279756,0.57784
-0.123953,0.0141348,0.244468,0.506311
-0.229899,-0.00476978,0.350949,0.586255
-0.0802741,0.00717661,0.235622,0.516129
-0.141971,-0.0848149,0.306539,0.604488
-0.0307817,-0.0615602,0.241866,0.253857
-0.0536954,0.190043,0.212066,0.267882
0.0602782,-0.0156824,0.183072,0.30014
-0.022283,-0.0880079,0.234625,0.30575
-0.0728086,-0.0861563,0.269799,0.307153
-0.0682365,-0.0975216,0.257298,0.357644
-0.0685978,-0.0699176,0.254924,0.30014
-0.0806103,-0.0237416,0.259076,0.269285
-0.235675,0.000192815,0.411032,0.323983
-0.123261,0.00868953,0.261414,0.280505
-0.236085,0.0316896,0.362857,0.307153
0.168874,-0.0354945,0.0413671,0.451613
0.108075,-0.030635,0.0288739,0.492286
0.0696651,-0.0717839,0.0205947,0.360449
0.0897679,-0.0762144,0.0241782,0.535764
0.111882,0.0221839,0.0394879,0.502104
0.0929584,-0.0507293,0.0267138,0.500701
0.24954,-0.00752336,0.115963,0.530154
0.253132,-0.0183219,0.0577146,0.503506
0.270534,0.014808,0.0914567,0.558205
0.193784,0.0168197,0.139063,0.548387
0.269768,0.00995293,0.0717192,0.568022
-0.188511,-0.12033,0.398304,0.465638
-0.163314,-0.0578223,0.356527,0.467041
-0.313725,-0.0256104,0.431448,0.474053
-0.224423,-0.0804344,0.413521,0.500701
-0.268994,0.0966844,0.37541,0.54418
-0.15409,0.0289322,0.316005,0.42777
-0.165244,-0.0535563,0.331222,0.471248
0.263255,-0.0418223,0.0611988,0.54979
0.26256,0.0202721,0.0660003,0.546985
0.224832,0.029146,0.0660991,0.520337
0.239365,-0.0475122,0.0541171,0.509116
-0.169264,-0.0482944,0.321332,0.446003
-0.223997,-0.0968168,0.394275,0.503506
-0.150995,-0.0253869,0.306509,0.471248
-0.181111,-0.0579886,0.146896,0.412342
-0.134785,-0.0407375,0.309614,0.497896
-0.185781,-0.0985429,0.365432,0.650771
-0.152856,-0.0492552,0.291668,0.419355
-0.0461496,-0.0392897,0.240196,0.489481
-0.207822,0.0699703,0.347661,0.558205
-0.0305835,-0.0665166,0.215619,0.517532
-0.0972814,0.0270302,0.273697,0.385694
-0.151478,-0.00643713,0.341711,0.412342
-0.0498231,0.118802,0.227836,0.276297
0.0137099,0.258393,0.193766,0.252454
-0.00825779,0.121396,0.214917,0.314165
-0.0280507,0.240946,0.203045,0.322581
-0.0452652,-0.0737638,0.254163,0.454418
0.0194946,0.147523,0.204319,0.374474
0.0601454,0.0688483,0.178528,0.429173
-0.0287175,-0.0546476,0.243892,0.441795
0.00194654,0.0558317,0.213963,0.528752
-0.035286,0.126783,0.234813,0.412342
-0.194657,-0.064422,0.393897,0.252454
-0.239459,-0.0734636,0.445696,0.273492
0.214077,-0.0212987,0.121607,0.28892
0.237044,-0.0148598,0.11371,0.273492
0.243971,-0.0210504,0.110544,0.312763
0.18553,-0.0684048,0.128554,0.263675
0.236541,-0.0604108,0.111902,0.304348
0.112206,-0.0532767,0.0351809,0.262272
0.0878679,-0.0653568,0.0216534,0.281907
0.183565,-0.0571222,0.0435255,0.265077
0.110016,-0.0694963,0.0285585,0.246844
0.057415,-0.0531109,0.0215317,0.207574
0.158612,-0.0627212,0.0397755,0.273492
0.0383462,-0.0966123,0.0123262,0.246844
0.224638,0.0553006,0.123216,0.502104
0.224414,-0.0437258,0.112532,0.467041
-0.0725913,0.0662469,0.23266,0.462833
-0.0703498,-0.0542596,0.229567,0.621318
-0.0607071,-0.0803703,0.27947,0.534362
-0.0584754,-0.0632827,0.252044,0.660589
-0.00329231,-0.0740563,0.0647404,0.377279
-0.00270628,0.21471,0.214521,0.440393
0.0761569,-0.00320398,0.176187,0.517532
-0.04661,-0.0242123,0.246419,0.617111
-0.264896,-0.00334995,0.365665,0.387097
-0.162402,0.0103678,0.314049,0.323983
-0.197765,0.0717597,0.329313,0.352034
-0.287546,0.0338716,0.376427,0.356241
-0.292082,0.0644804,0.406218,0.290323
0.0119484,0.0146763,0.216389,0.391304
-0.0220067,-0.0581642,0.242314,0.350631
-0.0853554,0.0801469,0.259933,0.346424
0.0440517,0.105642,0.194042,0.525947
0.0134353,0.0896947,0.198028,0.568022
-0.0133582,0.263673,0.0791936,0.521739
-0.0714458,0.0222751,0.0476019,0.325386
-0.0118468,-0.0763488,0.22681,0.309958
-0.186117,-0.0427772,0.358069,0.263675
-0.259792,-0.0565625,0.417665,0.30014
-0.294059,-0.0742617,0.502871,0.302945
-0.326504,0.0126592,0.405452,0.368864
0.0844495,0.0104778,0.150235,0.496494
0.0355129,-0.0187365,0.182508,0.41094
0.0673243,-0.0298043,0.177556,0.454418
-0.139621,0.131225,0.254712,0.596073
-0.149758,-0.0319951,0.296013,0.472651
-0.107965,-0.0268884,0.276565,0.437588
0.0932693,-0.0373959,0.0270109,0.26648
0.074229,-0.0531674,0.0192845,0.26648
0.0810568,-0.0342576,0.0217775,0.237027
0.0909958,-0.0550811,0.0227666,0.30014
0.0635177,-0.067825,0.0239894,0.314165
0.137642,-0.0480749,0.0378691,0.274895
0.0564341,-0.0710714,0.0178373,0.335203
0.103628,-0.0624888,0.0274403,0.258065
0.0895153,-0.0526017,0.0238472,0.26648
0.101532,-0.0442793,0.0335466,0.403927
0.131976,-0.0244512,0.0320405,0.391304
0.187991,-0.0508821,0.039291,0.340813
0.191864,-0.0230898,0.0482841,0.360449
0.129346,-0.0383291,0.0369411,0.420757
0.133645,-0.0432473,0.0322919,0.340813
0.248158,-0.0316801,0.112894,0.245442
0.203344,0.00896076,0.128382,0.26087
0.170438,-0.0543549,0.144944,0.263675
0.232462,-0.068728,0.12269,0.279102
0.192259,-0.0407088,0.127322,0.28331
0.125819,-0.0559321,0.157104,0.252454
0.234924,-0.0636181,0.117924,0.322581
0.219283,-0.0375921,0.0548771,0.30014
0.183626,-0.0308977,0.0385632,0.307153
0.24986,-0.0211489,0.0588647,0.273492
0.187321,-0.0588387,0.0400221,0.2777
0.222353,-0.00737212,0.0515026,0.291725
0.173479,-0.033273,0.0365714,0.287518
0.19599,-0.0337876,0.046397,0.280505
0.232228,-0.03481,0.0509752,0.280505
0.194367,-0.0343943,0.0477656,0.366059
0.201915,-0.0174805,0.0541917,0.31136
0.0843928,0.0519206,0.0356285,0.304348
0.155247,-0.0362667,0.0396103,0.258065
0.108407,-0.0556182,0.028413,0.276297
0.0978797,-0.0644288,0.0263979,0.252454
0.230592,-0.0306344,0.0484099,0.302945
0.0454558,-0.0547756,0.018912,0.304348
0.0815262,-0.0741687,0.0234624,0.30014
0.207028,-0.0326435,0.048938,0.336606
0.0469289,-0.049296,0.179713,1
0.0256884,0.0316094,0.171616,0.781206
0.019114,-0.0273366,0.187096,0.962132
0.015594,-0.071598,0.0106374,0.27209
0.0775209,-0.0631003,0.0223656,0.338008
0.187775,-0.0356689,0.0434408,0.352034
0.199481,-0.034836,0.0493391,0.298738
0.14842,-0.0369721,0.0358126,0.349229
0.161466,9.51E-05,0.0424478,0.356241
0.173447,-0.0221114,0.0523598,0.295933
0.0925196,-0.0270373,0.161871,0.193548
0.0884104,-0.0481565,0.1784,0.204769
0.28481,-0.0181458,0.0984512,0.576438
0.252222,-0.0237931,0.10467,0.723703
-0.205082,-0.112568,0.421135,0.464236
-0.188626,0.0307747,0.359699,0.458626
-0.156739,-0.0791083,0.32522,0.408135
-0.164681,-0.0422101,0.323998,0.604488
-0.124509,-0.0959485,0.32526,0.42216
-0.105687,0.0312831,0.265149,0.454418
-0.181755,0.115001,0.294194,0.436185
0.111507,0.121432,0.145111,0.443198
0.134164,0.0129667,0.136749,0.848527
0.16701,0.0417873,0.129559,0.810659
0.166727,-0.0186162,0.137592,0.755961
-0.208016,0.0410277,0.162957,0.523142
-0.188637,-0.0302932,0.167838,0.398317
-0.200567,0.00429215,0.153451,0.511921
-0.203428,0.116121,0.147527,0.322581
-0.129204,0.0166913,0.126827,0.493689
-0.228357,-0.107436,0.189171,0.565217
-0.183576,-0.019568,0.291062,0.528752
-0.160657,0.00296781,0.295176,0.370266
-0.170766,0.14711,0.250678,0.375877
-0.267457,0.129395,0.301135,0.385694
-0.282346,-0.119694,0.494402,0.530154
-0.256862,-0.0109584,0.295785,0.424965
0.00235632,0.178219,0.163481,0.265077
0.150037,-0.0208502,0.155641,0.364656
0.0954142,-0.0237151,0.180321,0.357644
-0.0423072,0.0936497,0.224083,0.245442
0.159659,-0.0577609,0.144712,0.360449
0.0696808,0.0201733,0.175981,0.332398
0.133404,-0.0136734,0.150235,0.309958
-0.0605458,0.183692,0.228061,0.322581
-0.178111,0.0531171,0.285063,0.542777
-0.118062,0.140846,0.277193,0.403927
-0.0895003,0.0728015,0.271246,0.462833
-0.00486311,0.0152864,0.199752,0.58345
0.00282832,-0.0122426,0.213485,0.562412
-0.279694,0.111661,0.258639,0.218794
-0.374284,-0.0814542,0.608636,0.308555
-0.306838,-0.0556639,0.482553,0.284712
